<?xml version="1.0" encoding="UTF-8"?>

<!--
    EJB3 Deployers
-->
<deployment xmlns="urn:jboss:bean-deployer:2.0">

   <bean name="EJBContextBinder" class="org.jboss.ejb3.context.naming.EJBContextBinder">
      <depends>NameSpaces</depends>
   </bean>

   <bean name="TimerServiceBinder" class="org.jboss.ejb3.timerservice.naming.TimerServiceBinder"/>
   
   <bean name="Ejb3DependenciesDeployer" class="org.jboss.ejb3.deployers.Ejb3DependenciesDeployer">
      <!-- TODO: allow for configuration
      <property name="dependencies">
         <dependency xmlns="urn:jboss:dependency:1.0">
            <item>javax.transaction.TransactionManager</item>
         </dependency>
      </property>
      -->
   </bean>
   
   <bean name="Ejb3Deployer" class="org.jboss.ejb3.deployers.Ejb3Deployer">
      <property name="kernel"><inject bean="jboss.kernel:service=Kernel"/></property>
      <property name="mbeanServer"><inject bean="JMXKernel" property="mbeanServer"/></property>
      <property name="cacheFactoryRegistry"><inject bean="EJB3CacheFactoryRegistry" /></property>
      <property name="poolFactoryRegistry"><inject bean="EJB3PoolFactoryRegistry" /></property>
      <property name="persistenceManagerFactoryRegistry"><inject bean="EJB3PersistenceManagerFactoryRegistry" /></property>
      <!-- Should war deployments be scanned for annotated ejbs -->
      <property name="scanWars">false</property>
      
      <!-- 
   
      Configure the deployer to optionally require a deployment 
      descriptor for deployable units.  By turning this switch to "true", 
      "META-INF/jboss.xml" or the EJB3 Deployment Descriptor "META-INF/ejb-jar.xml" 
      will be required for deployment, enabling a performance increace in deployment by
      not scanning for annotations in non-deployable EJB3 JARs.
      
      Default for this value is "false".
      
      -->
      <property name="deploymentDescriptorRequired">false</property>
      
      <property name="ignoredJarsSet">
         <set elementClass="java.lang.String">
            <value>snmp-adaptor.jar</value>
            <value>otherimages.jar</value>
            <value>applet.jar</value>
            <value>jcommon.jar</value>
            <value>console-mgr-classes.jar</value>
            <value>juddi-service.jar</value>
            <value>wsdl4j.jar</value>
            <value>commons-collections.jar</value>
            <value>commons-pool.jar</value>
            <value>juddi.jar</value>
            <value>commons-discovery.jar</value>
            <value>uddi4j.jar</value>
            <value>axis.jar</value>
            <value>commons-dbcp.jar</value>
            <value>jboss-juddiaxis.jar</value>
            <value>trove.jar</value>
            <value>javassist.jar</value>
            <value>jboss-aop-jdk50.jar</value>
            <value>jboss-aspect-library-jdk50.jar</value>
            <value>jpa-api.jar</value>
            <value>commons-validator-1.1.3.jar</value>
            <value>commons-collections.jar</value>
            <value>commons-fileupload.jar</value>
            <value>commons-pool.jar</value>
            <value>hibernate-entitymanager.jar</value>
            <value>jboss-ejb3x.jar</value>
            <value>commons-digester-1.6.jar</value>
            <value>cglib-2.1.1.jar</value>
            <value>commons-discovery.jar</value>
            <value>jboss-annotations-ejb3.jar</value>
            <value>jaxen-1.1-beta-4.jar</value>
            <value>hibernate-annotations.jar</value>
            <value>commons-httpclient.jar</value>
            <value>commons-logging.jar</value>
            <value>commons-vfs.jar</value>
            <value>hibernate3.jar</value>
            <value>commons-logging-api.jar</value>
            <value>asm.jar</value>
            <value>asm-attrs.jar</value>
            <value>commons-lang-2.0.jar</value>
            <value>jboss-ejb3.jar</value>
            <value>dom4j.jar</value>
            <value>commons-codec-1.2.jar</value>
            <value>wsdl4j.jar</value>
            <value>xmlsec.jar</value>
            <value>jbossws.jar</value>
            <value>jboss-bean-deployer.jar</value>
            <value>jboss-microcontainer.jar</value>
            <value>jboss-dependency.jar</value>
            <value>jboss-container.jar</value>
            <value>tomcat-coyote.jar</value>
            <value>commons-collections.jar</value>
            <value>myfaces.jar</value>
            <value>jstl.jar</value>
            <value>commons-digester-1.6.jar</value>
            <value>myfaces-impl.jar</value>
            <value>commons-beanutils.jar</value>
            <value>myfaces-jsf-api.jar</value>
            <value>commons-codec-1.2.jar</value>
            <value>catalina-optional.jar</value>
            <value>tomcat-util.jar</value>
            <value>jasper-compiler.jar</value>
            <value>commons-el.jar</value>
            <value>jasper-compiler-jdt.jar</value>
            <value>tomcat-http.jar</value>
            <value>catalina-manager.jar</value>
            <value>jasper-runtime.jar</value>
            <value>tomcat55-service.jar</value>
            <value>servlets-invoker.jar</value>
            <value>catalina.jar</value>
            <value>naming-resources.jar</value>
            <value>servlets-default.jar</value>
            <value>tomcat-ajp.jar</value>
            <value>commons-modeler.jar</value>
            <value>tomcat-apr.jar</value>
            <value>servlets-webdav.jar</value>
         </set>
      </property>
      <depends>AspectLibrary</depends>

      <install bean="ManagedDeploymentCreator" method="addVersionedAttachmentType">
         <parameter>
            <value>org.jboss.metadata.ejb.jboss.JBossMetaData</value>
         </parameter>
         <parameter>
            <value>ejb3x</value>
         </parameter>
         <parameter>
            <value>3.*</value>
         </parameter>
         <parameter>
            <value>getEjbVersion</value>
         </parameter>
      </install>
      <uninstall bean="ManagedDeploymentCreator" method="removeVersionedAttachmentType">
         <parameter>
            <value>org.jboss.metadata.ejb.jboss.JBossMetaData</value>
         </parameter>
         <parameter>
            <value>ejb3x</value>
         </parameter>
      </uninstall>

   </bean>

   <bean name="Ejb3DeploymentDeployer" class="org.jboss.ejb3.deployers.Ejb3DeploymentDeployer"/>
   
   <bean name="AppClientParsingDeployer" class="org.jboss.ejb3.deployers.AppClientParsingDeployer">
      <!-- TODO: check depends -->
      <depends>AspectLibrary</depends>
   </bean>
   
   <bean name="JBossClientParsingDeployer" class="org.jboss.ejb3.deployers.JBossClientParsingDeployer">
      <depends>AppClientParsingDeployer</depends>
   </bean>
   <bean name="MergedJBossClientMetaDataDeployer" class="org.jboss.ejb3.deployers.MergedJBossClientMetaDataDeployer">
      <depends>AppClientParsingDeployer</depends>
   </bean>

   <bean name="Ejb3ClientDeployer" class="org.jboss.ejb3.deployers.Ejb3ClientDeployer">
      <property name="kernel"><inject bean="jboss.kernel:service=Kernel"/></property>
      <property name="mbeanServer"><inject bean="JMXKernel" property="mbeanServer"/></property>
      <!-- TODO: check depends -->
      <depends>AspectLibrary</depends>

      <install bean="ManagedDeploymentCreator" method="addAttachmentType">
         <parameter>
            <value>org.jboss.metadata.client.jboss.JBossClientMetaData</value>
         </parameter>
         <parameter>
            <value>car</value>
         </parameter>
      </install>
      <uninstall bean="ManagedDeploymentCreator" method="removeAttachmentType">
         <parameter>
            <value>org.jboss.metadata.client.jboss.JBossClientMetaData</value>
         </parameter>
      </uninstall>
   </bean>
   
   <!-- EJB3 Pool Factory Registry -->
   <bean name="EJB3PoolFactoryRegistry" class="org.jboss.ejb3.pool.PoolFactoryRegistry">
      <property name="factories">
         <!-- Define each of the registered factories -->
         <map class="java.util.HashMap" keyClass="java.lang.String"
            valueClass="java.lang.Class">
            <!-- ThreadlocalPool -->
            <entry>
               <key>ThreadlocalPool</key>
               <value>org.jboss.ejb3.pool.ThreadlocalPoolFactory</value>
            </entry>
            <!-- StrictMaxPool -->
            <entry>
               <key>StrictMaxPool</key>
               <value>org.jboss.ejb3.pool.StrictMaxPoolFactory</value>
            </entry>
         </map>
      </property>
   </bean>
   
   <!-- EJB3 Persistence Manager Factory Registry -->
   <bean name="EJB3PersistenceManagerFactoryRegistry" class="org.jboss.ejb3.cache.persistence.PersistenceManagerFactoryRegistry">
      <property name="factories">
         <!-- Define each of the registered factories -->
         <map class="java.util.HashMap" keyClass="java.lang.String"
            valueClass="java.lang.Class">
            <!-- StatefulSessionFilePersistenceManager -->
            <entry>
               <key>StatefulSessionFilePersistenceManager</key>
               <value>org.jboss.ejb3.cache.simple.StatefulSessionFilePersistenceManagerFactory</value>
            </entry>
         </map>
      </property>
   </bean>
   
    <!-- Setup the default JMS resource adapter name to be used for EJB3.x Message Driven Beans which
        do *not* explicitly set the resource adapter name -->
    <bean name="DefaultJMSRANameProcessor" class="org.jboss.as.ejb3.metadata.processor.DefaultJMSResourceAdapterMetadataProcessorFactory">
        <constructor>
            <!-- The default resource adapter name -->
            <parameter class="java.lang.String">jms-ra.rar</parameter>
        </constructor>
    </bean>
    
    <!-- The EJB3MetadataOnDemandDeploymentDeployer activates on-demand profile containing the specified deployments
        
     -->
    <bean name="EJB3MetadataOnDemandDeploymentDeployer" class="org.jboss.ejb3.deployers.EJB3MetadataOnDemandDeploymentDeployer">
      
      <property name="profileService"><inject bean="jboss.profileservice:service=ProfileService"/></property>
 
      <!-- Build a profile from the contents of this single URI -->
      <property name="deploymentRoot">${jboss.common.base.url}deploy</property>
      
      <!--  We just have a single on-demand deployment - the jboss-ejb3-timerservice-mk2.jar
        Note: If there are multiple deployments which need to be deployed on-demand, then 
        set the "deploymentNames" collection property *instead of* "singleDeployment"
        property
       -->
      <property name="singleDeployment">jboss-ejb3-timerservice-mk2.jar</property>
      
      <!-- 
        Whether activation of the profile (i.e. deployment of the URI contents)
        should be deferred until the first EJB3.x deployment (true) or done as part of
        the start of this bean (false).
        
        WARNING: This configuration option may be altered in a subsequent AS 6.0
        milestone release.
        
        FIXME: https://jira.jboss.org/jira/browse/JBAS-7714        
        -->
      <property name="activateOnDemand">${jboss.as.deployment.ondemand:true}</property>

   </bean>
   
    <!-- EJB reference resolver based on the new org.jboss.ejb3.ejbref.resolver SPI -->
    <bean name="org.jboss.ejb3.ejbref.resolver.EjbReferenceResolver" class="org.jboss.ejb3.ejbref.resolver.ejb31.impl.ScopedEJBReferenceResolver"/>
   
    <!-- Deprecated. This is here to make sure that any dependents (Weld, WS) of the outdated 
        org.jboss.ejb3.common.resolvers.spi.EjbReferenceResolver interface or the org.jboss.ejb3.EjbReferenceResolver
        MC bean name, don't fail.
        TODO: Remove this once the dependents move to the new ejbref-resolver SPI  -->
    <bean name="org.jboss.ejb3.EjbReferenceResolver" class="org.jboss.ejb3.core.resolvers.ScopedEJBReferenceResolver"/>
  
    <!-- Responsible for creating the piece used to create EJB3 Bean Instances -->
    <bean name="org.jboss.ejb3.BeanInstantiator" class="org.jboss.ejb3.instantiator.impl.Ejb31SpecBeanInstantiator" />

    <!--  ResourceProvider for message-destination-ref  (EE.5.9 of Java EE6 spec) -->
    <bean name="org.jboss.switchboard.MessageDestinationRefResourceProvider" class="org.jboss.as.ejb3.switchboard.resource.provider.MessageDestinationReferenceResourceProvider">
        <property name="messageDestinationLinkResolver"><inject/></property>
    </bean>  
    
    <!-- Registers the default (EJB31) BeanInstantiatorDeployer  -->
    <!--<bean name="org.jboss.ejb3.BeanInstantiatorDeployer" class="org.jboss.ejb3.instantiator.deployer.SingletonBeanInstantiatorDeployer">-->
      <!--<constructor>-->
        <!--<parameter class="org.jboss.ejb3.instantiator.spi.BeanInstantiator"><inject bean="org.jboss.ejb3.BeanInstantiator"/></parameter>-->
      <!--</constructor>-->
      <!--<property name="kernel"><inject bean="jboss.kernel:service=Kernel"/></property>-->
    <!--</bean>-->

</deployment>
