<?xml version="1.0" encoding="UTF-8"?>

<!--
Web application deployers
$Id: war-deployers-jboss-beans.xml 100127 2010-01-29 15:42:21Z bstansberry@jboss.com $
-->
<deployment xmlns="urn:jboss:bean-deployer:2.0">

   <!-- WAR Structure -->
   <bean name="WARStructure" class="org.jboss.web.deployers.WARStructure">
       <property name="webInfLibFilter">
          <!-- We accept all .jar files in WEB-INF/lib -->
          <bean name="WebInfLibFilter" class="org.jboss.vfs.util.SuffixMatchFilter">
             <constructor><parameter class="java.lang.String">.jar</parameter></constructor>
          </bean>
       </property>
       <property name="includeWebInfInClasspath">true</property>
       <property name="contextInfoOrder">1000</property>
   </bean>

   <bean name="WebAppParsingDeployer" class="org.jboss.deployment.WebAppParsingDeployer">
      <property name="relativeOrder">2000</property>
   </bean>
   <bean name="WebAppFragmentParsingDeployer" class="org.jboss.deployment.WebAppFragmentParsingDeployer">
      <property name="relativeOrder">2001</property>
   </bean>
   <bean name="TldParsingDeployer" class="org.jboss.deployment.TldParsingDeployer">
      <property name="relativeOrder">2002</property>
   </bean>
   <bean name="JBossWebAppParsingDeployer" class="org.jboss.deployment.JBossWebAppParsingDeployer">
      <property name="relativeOrder">2003</property>
   </bean>
   <bean name="ServletContainerInitializerDeployer" class="org.jboss.web.deployers.ServletContainerInitializerDeployer">
      <!-- JARs containing SCIs -->
      <property name="sciJars">
         <list class="java.util.ArrayList" elementClass="java.net.URL">
         </list>         
      </property>
   </bean>
   <bean name="SharedTldMetaDataDeployer" 
          class="org.jboss.web.deployers.SharedTldMetaDataDeployer">
      <!-- JARs containing TLDs -->
      <property name="tldJars">
         <list class="java.util.ArrayList" elementClass="java.net.URL">
         </list>
      </property>
   </bean>
   <bean name="SharedJBossWebMetaDataDeployer" 
          class="org.jboss.web.deployers.SharedJBossWebMetaDataDeployer">
      <property name="webXml">${jboss.server.home.url}/deploy/jbossweb.sar/web.xml</property>
   </bean>
   <bean name="WebAnnotationMetaDataDeployer" class="org.jboss.web.deployers.WarAnnotationMetaDataDeployer">
      <property name="relativeOrder">2005</property>
      <!-- Order this after AopMetaDataDeployer *if it is present* -->
      <install method="addInput">
        <parameter class="java.lang.String">org.jboss.aop.asintegration.jboss5.AopMetaDataDeployerOutput</parameter>
      </install>
   </bean>

    <!--

      Checks for the presence of JSF managed beans in WEB-INF/faces-config.xml and META-INF/faces-config.xml files
      See https://issues.jboss.org/browse/JBAS-8318 for more details

    -->
    <bean name="FacesConfigParsingDeployer" class="org.jboss.web.deployers.FacesConfigParsingDeployer"/>

    <!--

         Checks for the presence of JSF managed beans in the files specified as context param values of
         javax.faces.CONFIG_FILES context param of a web application.
         See https://issues.jboss.org/browse/JBAS-8318 for more details

    -->
    <bean name="WebContextParamFacesConfigParsingDeployer" class="org.jboss.web.deployers.WebContextParamFacesConfigParsingDeployer"/>

  <!-- See JBAS-6062 -->
   <bean name="WebXmlLessDeployer" class="org.jboss.deployment.LegacyWebXmlLessDeployer"/>

   <!-- Allow for war local class loaders: in testing -->
   <bean name="WarClassLoaderDeployer" class="org.jboss.web.tomcat.service.deployers.WarClassLoaderDeployer">
      <property name="relativeOrder">-1</property>
      <property name="filteredPackages">javax.servlet</property>      
   </bean>
        
   <bean name="PersistenceUnitDependencyResolver" 
        class="org.jboss.web.tomcat.service.deployers.DummyPersistenceUnitDependencyResolver"/>

   <!-- The WebMetaData to service mbean deployer -->
   <bean name="WarDeployer" class="org.jboss.web.tomcat.service.deployers.TomcatDeployer">
      <constructor><parameter><inject bean="NamingJavaEEComponentInformer"/></parameter></constructor>

      <!-- Inject the MainDeployer for resolving cross deployment refs -->
      <property name="mainDeployer"><inject bean="MainDeployer" /></property>

      <property name="standalone">true</property>

      <property name="relativeOrder">3000</property>

      <property name="configFile">
         <value-factory bean="ServiceBindingManager" method="getResourceBinding">
            <parameter>jboss.web:service=WebServer</parameter>
            <parameter>${jboss.server.home.url}/deploy/jbossweb.sar/server.xml</parameter>
         </value-factory>
      </property>

      <!-- You can configure a set of authenticators keyed by http-auth method
      used. This will apply the same set of authenticators across all web
      applications. You can override the set of authenticators at the web
      application level by adding <authenticators> element to the respective
      jboss-web.xml
      -->      
      <property name="authenticators">
         <map class="java.util.Properties" keyClass="java.lang.String" valueClass="java.lang.String">
            <entry>
               <key>BASIC</key>
               <value>org.apache.catalina.authenticator.BasicAuthenticator</value>
            </entry>
            <entry>
               <key>CLIENT-CERT</key>
               <value>org.apache.catalina.authenticator.SSLAuthenticator</value>
            </entry>
            <entry>
               <key>DIGEST</key>
               <value>org.apache.catalina.authenticator.DigestAuthenticator</value>
            </entry>
            <entry>
               <key>FORM</key>
               <value>org.apache.catalina.authenticator.FormAuthenticator</value>
            </entry>
            <entry>
               <key>NONE</key>
               <value>org.apache.catalina.authenticator.NonLoginAuthenticator</value>
            </entry>
         </map>         
      </property>
      
      <!-- The JAAS security domain to use in the absense of an explicit
      security-domain specification in the war WEB-INF/jboss-web.xml
      -->
      <property name="defaultSecurityDomain">java:/jaas/jboss-web-policy</property>

      <!-- Get the flag indicating if the normal Java2 parent first class
           loading model should be used over the servlet 2.3 web container first
           model.
      -->
      <property name="java2ClassLoadingCompliance">false</property>

      <property name="lenientEjbLink">true</property>

      <!--Flag to delete the Work Dir on Context Destroy -->
      <property name="deleteWorkDirOnContextDestroy">true</property>

      <!-- The name of the request property under with the authenticated JAAS
      Subject is stored on successful authentication. If null or empty then
      the Subject will not be stored.
      -->
      <!--
      <property name="subjectAttributeName">j_subject</property>
      -->

      <!-- The SessionIdAlphabet is the set of characters used to create a session Id
           It must be made up of exactly 65 unique characters
      <property name="sessionIdAlphabet">ABCDEFGHIJKLMNOPQRSTUVWXYZabcdefghijklmnopqrstuvwxyz0123456789+-_</property>
      -->
      
      <property name="domain">jboss.web</property>
       <!--  Specify a Bean for JBoss Security PolicyRegistration -->
       <property name="policyRegistrationName">JBossSecurityPolicyRegistration</property>
       
       <!-- Specify a SecurityManagement Wrapper -->
       <property name="securityManagementName">JNDIBasedSecurityManagement</property>

       <!-- Specify a SecurityContext FQN class name -->
       <property name="securityContextClassName">org.jboss.security.plugins.JBossSecurityContext</property> 

      <install bean="ManagedDeploymentCreator" method="addAttachmentType">
         <parameter>
            <value>org.jboss.metadata.web.jboss.JBossWebMetaData</value>
         </parameter>
         <parameter>
            <value>war</value>
         </parameter>
      </install>
      <uninstall bean="ManagedDeploymentCreator" method="removeAttachmentType">
         <parameter>
            <value>org.jboss.metadata.web.jboss.JBossWebMetaData</value>
         </parameter>
      </uninstall>

   </bean>
   
   <bean name="MergedJBossWebMetaDataDeployer" 
          class="org.jboss.web.deployers.MergedJBossWebMetaDataDeployer">
   </bean>

</deployment>
