<?xml version="1.0" encoding="UTF-8"?>

<!--
    Scanning configuration
    $Id: scanning-deployers-jboss-beans.xml 105723 2010-06-04 13:33:52Z remy.maucherat@jboss.com $
-->
<deployment xmlns="urn:jboss:bean-deployer:2.0">

  <!-- Generic scanning deployers -->

  <bean name="EarLibExcludeDeployer" class="org.jboss.deployment.EarLibExcludeDeployer"/>

  <bean name="ResourceErrorHandler" class="org.jboss.scanning.plugins.visitor.IgnoreSetErrorHandler">
     <install method="addIgnored">
         <parameter>javassist.NotFoundException</parameter>
     </install>
     <install method="addIgnored">
         <parameter>java.lang.NoClassDefFoundError</parameter>
     </install>
     <install method="addIgnored">
         <parameter>java.lang.TypeNotPresentException</parameter>
     </install>
     <install method="addIgnored">
         <parameter>java.lang.ArrayIndexOutOfBoundsException</parameter>
     </install>
     <install method="addIgnored">
         <parameter>java.lang.reflect.GenericSignatureFormatError</parameter>
     </install>
     <install method="addIgnored">
         <parameter>java.lang.IncompatibleClassChangeError</parameter>
     </install>
     <install method="addIgnored">
         <parameter>java.lang.VerifyError</parameter>
     </install>
     <install method="addIgnored">
         <parameter>java.lang.LinkageError</parameter>
     </install>
     <install method="addIgnored">
         <parameter>java.lang.IllegalStateException</parameter>
     </install>
     <install method="addIgnored">
         <parameter>java.lang.reflect.MalformedParameterizedTypeException</parameter>
     </install>
     <install method="addIgnored">
         <parameter>java.lang.InternalError</parameter>
     </install>
     <install method="addIgnored">
         <parameter>java.lang.ArrayStoreException</parameter>
     </install>
     <uninstall method="removeIgnored">
         <parameter>java.lang.NoClassDefFoundError</parameter>
     </uninstall>
     <uninstall method="removeIgnored">
         <parameter>javassist.NotFoundException</parameter>
     </uninstall>
     <uninstall method="removeIgnored">
         <parameter>java.lang.TypeNotPresentException</parameter>
     </uninstall>
     <uninstall method="removeIgnored">
         <parameter>java.lang.ArrayIndexOutOfBoundsException</parameter>
     </uninstall>
     <uninstall method="removeIgnored">
         <parameter>java.lang.reflect.GenericSignatureFormatError</parameter>
     </uninstall>
     <uninstall method="removeIgnored">
         <parameter>java.lang.IncompatibleClassChangeError</parameter>
     </uninstall>
     <uninstall method="removeIgnored">
         <parameter>java.lang.VerifyError</parameter>
     </uninstall>
     <uninstall method="removeIgnored">
         <parameter>java.lang.LinkageError</parameter>
     </uninstall>
     <uninstall method="removeIgnored">
         <parameter>java.lang.IllegalStateException</parameter>
     </uninstall>
     <uninstall method="removeIgnored">
         <parameter>java.lang.reflect.MalformedParameterizedTypeException</parameter>
     </uninstall>
     <uninstall method="removeIgnored">
         <parameter>java.lang.InternalError</parameter>
     </uninstall>
     <uninstall method="removeIgnored">
         <parameter>java.lang.ArrayStoreException</parameter>
     </uninstall>
  </bean>

  <bean name="ResourceUtilDeployer" class="org.jboss.deployment.ResourceUtilSetupDeployer">
    <constructor>
        <parameter><inject bean="jboss.kernel:service=Kernel" /></parameter>
    </constructor>
    <property name="handler"><inject bean="ResourceErrorHandler"/></property>
  </bean>

  <bean name="ResourceUtilCleanupDeployer" class="org.jboss.deployment.ResourceUtilCleanupDeployer"/>

  <bean name="JBossMetaDataDUFilter" class="org.jboss.deployment.JBossMetaDataDeploymentUnitFilter"/>

  <bean name="ScanningMetaDataDeployer" class="org.jboss.scanning.deployers.metadata.ScanningMetaDataDeployer"/>
  <bean name="ScanningMetaDataDUFilter" class="org.jboss.scanning.deployers.filter.ScanningDeploymentUnitFilter"/>

  <bean name="JBossCustomDeployDUFilter" class="org.jboss.deployers.vfs.spi.structure.helpers.VirtualFileDeploymentUnitFilter">
    <constructor>
      <parameter>
        <bean class="org.jboss.vfs.util.FileNameVirtualFileFilter">
          <constructor>
            <parameter>
              <map keyClass="java.lang.String" valueClass="java.util.Set">
                <entry>
                  <key>deployers/</key>
                  <value><null/></value>
                </entry>
                <entry>
                  <key>jbossweb.sar</key>
                  <value><null/></value>
                </entry>
                <entry>
                  <key>console-mgr.sar</key>
                  <value><null/></value>
                </entry>
                <entry>
                  <key>jbossws.sar</key>
                  <value><null/></value>
                </entry>
                <entry>
                  <key>jmx-remoting.sar</key>
                  <value><null/></value>
                </entry>
                <entry>
                  <key>jboss-local-jdbc.rar</key>
                  <value><null/></value>
                </entry>
                <entry>
                  <key>jboss-xa-jdbc.rar</key>
                  <value><null/></value>
                </entry>
                <entry>
                  <key>jms-ra.rar</key>
                  <value><null/></value>
                </entry>
                <entry>
                  <key>mail-ra.rar</key>
                  <value><null/></value>
                </entry>
                <entry>
                  <key>quartz-ra.rar</key>
                  <value><null/></value>
                </entry>
                <entry>
                  <key>jmx-console.war</key>
                  <value><null/></value>
                </entry>
                <entry>
                  <key>admin-console.war</key>
                  <value><null/></value>
                </entry>
                <entry>
                  <key>juddi-service.sar</key>
                  <value><null/></value>
                </entry>
                <entry>
                  <key>xnio-provider.jar</key>
                  <value><null/></value>
                </entry>
                <entry>
                  <key>mod_cluster.sar</key>
                  <value><null/></value>
                </entry>
                <entry>
                  <key>http-invoker.sar</key>
                  <value><null/></value>
                </entry>
                <entry>
                  <key>uuid-key-generator.sar</key>
                  <value><null/></value>
                </entry>
                <!-- all -->
                <entry>
                  <key>cluster</key>
                  <value>
                      <set>
                        <value>jboss-cache-manager.sar</value>
                        <value>jbossweb-cluster.aop</value>
                        <value>jgroups-channelfactory.sar</value>
                      </set>
                  </value>
                </entry>
                <entry>
                  <key>snmp-adaptor.sar</key>
                  <value><null/></value>
                </entry>
              </map>
            </parameter>
          </constructor>
        </bean>
      </parameter>
    </constructor>
  </bean>

  <bean name="DeploymentProvidedDUFilter" class="org.jboss.deployers.vfs.spi.structure.helpers.DeploymentProvidedDeploymentUnitFilter" />
  
  <!-- Scanning plugin factories -->

  <bean name="AnnScanningPluginFactory" class="org.jboss.scanning.annotations.plugins.AnnotationsScanningPluginFactory"/>
  <bean name="HierarchyScanningPluginFactory" class="org.jboss.scanning.hierarchy.plugins.HierarchyIndexScanningPluginFactory"/>
  <!-- bean name="WeldScanningPluginFactory" class="org.jboss.scanning.weld.WeldScanningPluginFactory"/ -->

  <bean name="ScanningDeployer" class="org.jboss.scanning.deployers.ScanningDeployer">
    <property name="filter">
      <bean class="org.jboss.deployment.ListDeploymentUnitFilter">
        <property name="filters">
          <list>
            <inject bean="DeploymentProvidedDUFilter" />
            <inject bean="JBossMetaDataDUFilter"/>
            <inject bean="ScanningMetaDataDUFilter"/>
            <inject bean="JBossCustomDeployDUFilter"/>
          </list>
        </property>
      </bean>
    </property>
    <install method="addInput" state="Instantiated">
       <parameter class="java.lang.String">org.jboss.classloading.spi.visitor.ResourceFilter.recurse</parameter>
    </install>
    <install method="addInput" state="Instantiated">
       <parameter class="java.lang.String">org.jboss.classloading.spi.visitor.ResourceFilter.resource</parameter>
    </install>
    <incallback method="addFactory" state="Configured" whenRequired="Create" />
    <uncallback method="removeFactory" />
  </bean>

   <bean name="ResourcesIndexDeployer" class="org.jboss.deployment.ResourcesIndexDeployer">
       <property name="disableOptional">true</property>
   </bean>

   <bean name="AnnotationMetaDataDeployer" class="org.jboss.deployment.OptAnnotationMetaDataDeployer">
      <property name="metaDataCompleteIsDefault">false</property>
   </bean>

</deployment>
