<?xml version="1.0" encoding="UTF-8"?>

<!-- ===================================================================== -->
<!--                                                                       -->
<!-- High Availability for legacy services (e.g. EJB2)                     -->
<!--                                                                       -->
<!-- ===================================================================== -->

<deployment xmlns="urn:jboss:bean-deployer:2.0">

   <!-- ==================================================================== -->
   <!-- HA Detached Invoker using JBoss Remoting for transport               -->
   <!-- ==================================================================== -->

   <bean name="UnifiedInvokerHA"
         class="org.jboss.invocation.unified.server.UnifiedInvokerHA">
            
      <annotation>@org.jboss.aop.microcontainer.aspects.jmx.JMX(name="jboss:service=invoker,type=unifiedha", exposedInterface=org.jboss.invocation.unified.server.UnifiedInvokerMBean.class, registerDirectly=true)</annotation>
      
      <property name="connector"><inject bean="jboss.remoting:service=Connector,transport=socket"/></property>

      <depends>jboss:service=TransactionManager</depends>       
      <depends>HAPartition</depends>
   </bean>
   
   <!-- ==================================================================== -->
   <!-- HA Session State Service for EJB2 SFSBs                              -->
   <!-- ==================================================================== -->

   <bean name="HASessionStateService"
         class="org.jboss.ha.hasessionstate.server.HASessionStateService">
      
      <annotation>@org.jboss.aop.microcontainer.aspects.jmx.JMX(name="jboss:service=HASessionState", exposedInterface=org.jboss.ha.hasessionstate.server.HASessionStateServiceMBean.class, registerDirectly=true)</annotation>
      
      <!--  Partition used for group RPCs -->
      <property name="HAPartition"><inject bean="HAPartition"/></property>
      
      <!-- JNDI name under which the service is bound -->
      <property name="jndiName">/HASessionState/Default</property>
      <!-- Max delay before cleaning unreclaimed state.
           Defaults to 30*60*1000 => 30 minutes -->
      <property name="beanCleaningDelay">0</property>
      
   </bean>

   <!-- ==================================================================== -->
   <!-- Distributed EJB2 entity cache invalidation                           -->
   <!-- ==================================================================== -->

   <bean name="JGCacheInvalidationBridge"
        class="org.jboss.cache.invalidation.bridges.JGCacheInvalidationBridge">
      
      <annotation>@org.jboss.aop.microcontainer.aspects.jmx.JMX(name="jboss.cache:service=InvalidationBridge,type=JavaGroups", exposedInterface=org.jboss.cache.invalidation.bridges.JGCacheInvalidationBridgeMBean.class, registerDirectly=true)</annotation>
      
      <!--  Partition used for group RPCs -->
      <property name="HAPartition"><inject bean="HAPartition"/></property>
      <property name="invalidationManager"><inject bean="jboss.cache:service=InvalidationManager"/></property>
      <property name="bridgeName">DefaultJGBridge</property>
      
   </bean>

</deployment>