<?xml version="1.0" encoding="UTF-8"?>

  <!--
    EJB 3.1 @Asynchronous Deployer
-->
<deployment xmlns="urn:jboss:bean-deployer:2.0">

  <bean name="org.jboss.ejb3.AsyncExecutorServiceDeployer"
    class="org.jboss.ejb3.async.deployer.AsyncExecutorServiceDeployer">
    <constructor>
      <parameter><inject bean="org.jboss.ejb3.async.ExecutorService"/></parameter>
    </constructor>
  </bean>
  
  <!-- Deployment configuration for a VFS TempFileProvider 

  <threads xmlns="urn:jboss:threads:2.0"> 
    <thread-factory name="something"/>
    <scheduled-thread-pool-executor name="somethingelse">
        <max-threads count="1" per-cpu="1"/>
        <thread-factory name="something"/>
    </scheduled-thread-pool-executor>
  </threads>
  
  Currently fails with:
  
  org.jboss.joinpoint.spi.JoinpointException: Constructor not found 
  org.jboss.threads.QueuelessExecutor[int, java.util.concurrent.ThreadFactory] in 
  [ReflectConstructorInfoImpl@11afd9cc{[ReflectClassInfoImpl@3003e926{name=java.util.concurrent.ThreadFactory}, 
  ReflectClassInfoImpl@50bfd66a{name=org.jboss.threads.DirectExecutor}, 
  ReflectClassInfoImpl@6295f290{name=java.util.concurrent.Executor}, long]}]
  
  FIXME:  Example on http://community.jboss.org/wiki/ThreadPoolConfiguration might need to be updated
  Ask DML
  
  -->
  
  <!--
    Define the Executor, but this should really be done in threads.xsd
    format above
    TODO Remove this when the above works
  -->
  <bean name="org.jboss.ejb3.async.ExecutorService" class="org.jboss.threads.JBossScheduledThreadPoolExecutor">
    <constructor>
      <parameter>10</parameter>
    </constructor>
  </bean> 

</deployment>