<?xml version="1.0" encoding="UTF-8"?>
<!DOCTYPE server>
<server>

  <!-- The juddi service configration -->
  <mbean code="org.jboss.jaxr.juddi.JUDDIService"
    name="jboss:service=juddi">
     <!-- Whether we want to run the db initialization scripts -->
     <!-- Should all tables be created on Start-->
     <attribute name="CreateOnStart">false</attribute>
      <!-- Should all tables be dropped on Stop-->
     <attribute name="DropOnStop">false</attribute>
      <!-- Should all tables be dropped on Start-->
     <attribute name="DropOnStart">false</attribute>
      <!-- Datasource to Database-->
     <attribute name="DataSourceUrl">java:/DefaultDS</attribute>
      <!-- Alias to the registry-->
     <attribute name="RegistryOperator">RegistryOperator</attribute>
      <!-- Should I bind a Context to which JaxrConnectionFactory bound-->
     <attribute name="ShouldBindJaxr">true</attribute>
       <!-- Context to which JaxrConnectionFactory to bind to.
       If you have remote clients, please bind it to the global
      namespace(default behavior). To just cater to clients running
      on the same VM as JBoss, change to java:/JAXR -->
     <attribute name="BindJaxr">JAXR</attribute>
     <attribute name="DropDB">false</attribute> 
     <depends>jboss.jca:service=DataSourceBinding,name=DefaultDS</depends>
  </mbean>
</server>
