<?xml version="1.0" encoding="UTF-8"?>

<!--
    Stateful cache factories used by EJB3 Deployers
-->
<deployment xmlns="urn:jboss:bean-deployer:2.0">

   <!-- EJB3 Cache Factory Registry -->
   <bean name="EJB3CacheFactoryRegistry" class="org.jboss.ejb3.cache.CacheFactoryRegistry">
      <property name="factories">
         <!-- Define each of the registered factories -->
         <map class="java.util.HashMap" keyClass="java.lang.String"
            valueClass="java.lang.Class">
            <!-- NoPassivationCache -->
            <entry>
               <key>NoPassivationCache</key>
               <value>org.jboss.ejb3.cache.NoPassivationCacheFactory</value>
            </entry>
            <!-- SimpleStatefulCache -->
            <entry>
               <key>SimpleStatefulCache</key>
               <value>org.jboss.ejb3.cache.simple.SimpleStatefulCacheFactory</value>
            </entry>
            <!-- Infinispan-backed clustered stateful cache -->
            <entry>
               <key>StatefulTreeCache</key>
               <value>org.jboss.ejb3.cache.infinispan.InfinispanStatefulCacheFactory</value>
            </entry>
         </map>
      </property>
   </bean>
   
</deployment>